{"cameraMode":{"drawMode":0,"name":"Shaded","section":"Shading Mode"},"sceneLighting":true,"audioPlay":false,"sceneViewState":{"showFog":true,"showMaterialUpdate":false,"showSkybox":true,"showFlares":true,"showImageEffects":true,"showParticleSystems":true},"in2DMode":false,"pivot":{"x":1.0771164894104005,"y":-1.6242222785949708,"z":8.747821807861329},"rotation":{"x":-0.12792319059371949,"y":0.760044276714325,"z":-0.15748177468776704,"w":-0.6173879504203796},"size":4.454037189483643,"orthographic":false}