{"cameraMode":{"drawMode":0,"name":"Shaded","section":"Shading Mode"},"sceneLighting":true,"audioPlay":false,"sceneViewState":{"showFog":true,"showMaterialUpdate":false,"showSkybox":true,"showFlares":true,"showImageEffects":true,"showParticleSystems":true},"in2DMode":false,"pivot":{"x":5.590935707092285,"y":2.436342239379883,"z":-4.886951446533203},"rotation":{"x":-0.031070787459611894,"y":0.9685404300689697,"z":-0.16009071469306947,"w":-0.18797656893730164},"size":10.0,"orthographic":false}