{"cameraMode":{"drawMode":0,"name":"Shaded","section":"Shading Mode"},"sceneLighting":true,"audioPlay":false,"sceneViewState":{"showFog":true,"showMaterialUpdate":false,"showSkybox":true,"showFlares":true,"showImageEffects":true,"showParticleSystems":true},"in2DMode":false,"pivot":{"x":-2.442249298095703,"y":-2.1691455841064455,"z":-8.533945083618164},"rotation":{"x":0.19096599519252778,"y":-0.7698702812194824,"z":0.26914069056510928,"w":0.5462605357170105},"size":27.62840461730957,"orthographic":false}