{"cameraMode":{"drawMode":0,"name":"Shaded","section":"Shading Mode"},"sceneLighting":true,"audioPlay":false,"sceneViewState":{"showFog":true,"showMaterialUpdate":false,"showSkybox":true,"showFlares":true,"showImageEffects":true,"showParticleSystems":true},"in2DMode":false,"pivot":{"x":2.940694808959961,"y":3.2418174743652345,"z":-7.029212951660156},"rotation":{"x":-0.05680529400706291,"y":0.8318513631820679,"z":-0.0866658017039299,"w":-0.545239269733429},"size":5.759909152984619,"orthographic":false}